1,Jennilee,Virr,1/19/1998,jvirr0@usgs.gov,Cosy Nook Hook Lane Rose Green PO21 3PB
2,Talbert,Waddam,8/20/1988,twaddam1@blinklist.com, Flat 4 25 Landport Terrace Portsmouth PO1 2RG
3,Bruce,Burnard,9/30/1995,bburnard2@phoca.cz, 94 Redlands Lane Fareham PO14 1HD
4,Venita,Silwood,1/6/1963,vsilwood3@smugmug.com,4 Juno Lane Havant PO9 5FN
5,Nanon,Boissieux,12/10/2000,nboissieux4@va.gov, Flat 15 Dartmouth Mews Cecil Place Southsea PO5 3DN
6,Christoper,Fontel,4/27/1970,cfontel5@wp.com,11 Magpie Close Portchester PO16 8YH
7,Randy,Klewi,4/21/1963,rklewi6@homestead.com,Rambledown 20 Park Road Denmead PO7 6NE
8,Mag,Merriton,11/17/1992,mmerriton7@ycombinator.com,58 Ernest Road Havant PO9 3TL
9,Laryssa,McAughtrie,2/15/1985,lmcaughtrie8@discuz.net, 6 Rookes Close Waterlooville PO8 9JW
10,Rollins,Betteney,12/3/1985,rbetteney9@canalblog.com, 48 Hawthorn Road Horndean PO8 0JA
11,Davida,McMinn,8/25/1995,dmcminna@tmall.comFlat, 6 Seaview Court Waterloo Square Bognor Regis PO21 1TF
12,Guillaume,Paolone,1/9/1966,gpaoloneb@techcrunch.com, 141 Highfield Lane Oving PO20 2NN
13,Biddie,Scripps,10/20/1989,bscrippsc@ed.gov, 3 Churchill Close Lake PO36 9LY
14,Zack,Trengrove,11/17/1980,ztrengroved@aboutads.info, 8 Hawthorn Road Horndean PO8 0JA
15,Brantley,Stockwell,2/18/1968,bstockwelle@digg.com, 93 Hefford Road East Cowes PO32 6SR
16,Chet,Dubery,7/23/1970,cduberyf@desdev.cn, 118 Hawthorn Road Horndean PO8 0JA
17,Kordula,Weild,11/29/1971,kweildg@netvibes.com, 4 Hawthorn Road Horndean PO8 0JA
18,Marylynne,Tingcomb,2/17/1976,mtingcombh@pcworld.com, 22 Hawthorn Road Horndean PO8 0JA
19,Maris,Slader,1/31/1973,msladeri@angelfire.com, 1 Magpie Close Portchester PO16 8YH
20,Stepha,Mahody,11/3/1977,smahodyj@imdb.com, 9 Churchill Close Lake PO36 9LY